Year Range,Country,GDP (in Trillions USD),GDP per Capita (in USD),Inflation Rate (%),Population (in Millions),Population Growth Rate (%),Life Expectancy (Years),Healthcare Expenditure per Capita (USD),Doctor-to-Patient Ratio,Unemployment Rate (%),Labor Force Participation Rate (%),"Crime Rate (per 100,000)"
2019-2020 (Covid-19),USA,2.8810408921933135,-1.8461538461538463,-0.8771929824561412,4.995441541702048,-4.9180327868852505,3.424570337364733,-3.389830508474576,1.5503875968992262,-5.699481865284968,-1.2526784242624116,-1.761252446183964
2019-2020 (Covid-19),Russia,5.031446540880494,7.246376811594203,-2.5157232704402537,-1.417004048582997,0.0,2.9880478087649323,-0.2872721949791291,0.7299270072992544,1.3544018058690857,-0.791295746785356,5.601659751037345
2019-2020 (Covid-19),Canada,-7.734806629834261,-2.663934426229508,0.5434782608695656,0.6200676437429706,1.1494252873563229,-4.62366850052675,3.0145530145530146,-1.3245033112582794,5.607476635514033,-4.83040581465779,-3.1158714703018524
2019-2020 (Covid-19),China,-4.19769803656059,-1.4127144298688195,1.2295081967213217,-0.5213772115642815,-3.3333333333333366,6.822165295941758,2.564102564102564,5.649717514124299,5.247813411078709,7.294041028980794,-8.595988538681947
2019-2020 (Covid-19),India,-5.479452054794526,-4.109589041095883,-6.772908366533863,5.925155925155932,3.1250000000000027,1.8724985706117816,6.019307211811483,3.448275862068969,1.540616246498604,4.824120603015072,1.7892644135188867
2019-2020 (Covid-19),Australia,-8.633093525179849,1.7525773195876289,7.586206896551731,1.171874999999989,-3.703703703703707,-6.732764583813684,-3.625954198473289,0.56497175141243,4.703476482617596,5.47816559712005,-2.0172910662824184
